term,estimate,std.error,statistic,p.value
(Intercept),64.07907065121753,1.370818047156753,46.7451320648466,1.1192617294530397e-189
IS_WOODY,-8.848824177783818,1.6717448172212979,-5.293166807893535,1.6857360382611436e-7
PALT_SOHARD,-0.23845319220691355,0.04772524148981473,-4.996374764448347,1.0589991656014203e-6
