term,estimate,std.error,statistic,p.value,conf.low,conf.high
(Intercept),58.936376993835346,1.419651172325699,41.514689060753334,0,56.15391182546691,61.71884216220378
IS_WOODY,-7.296587289950262,1.3314594892691762,-5.480142166364581,4.249842122661107e-8,-9.90619993579194,-4.686974644108583
PALT_SOHARD,-0.2233470743307213,0.03094198922393465,-7.218251958990243,5.266898028821743e-13,-0.28399225881965967,-0.16270188984178294
SAMPLEABLE_WATER,6.802822078235608,1.3866256263241066,4.906026507147166,9.293996998671616e-7,4.085085790600065,9.520558365871151
SAMPLEABLE_WATER:NTL_RESULT,0.6053302827485071,0.8157513345915403,0.7420524577524665,0.45805555310825574,-0.9935129533913946,2.2041735188884086
