term,estimate,std.error,statistic,p.value
(Intercept),58.635144623542004,1.5789841058356355,37.13472758011766,2.7277102795629143e-158
IS_WOODY,-6.063873283628954,1.3973483352748415,-4.339557382044087,1.6052808783933365e-5
SAMPLEABLE_WATER,8.223799813879646,1.4476544974499026,5.680775232188465,1.8652169932979562e-8
PALT_SOHARD,-0.1544036056999767,0.055533324463559394,-2.780377497502339,0.005917369545252263
PALT_SOMODF_PRESENT,-8.018153468438696,2.145737462360607,-3.7367821595553545,2.353651165943848e-4
STRESS_VEGRMVModerate,-0.33736795329914826,2.17577780990569,-0.1550562524184267,0.8769315785122176
STRESS_VEGRMVHigh,-0.43191606951395894,4.672056946859833,-0.09244666202201515,0.9264004253850195
SAMPLEABLE_WATER:NTL_RESULT,0.37819178723725844,0.8293202862074673,0.45602621029174717,0.6484797951192496
