term,estimate,std.error,statistic,p.value,type
(Intercept),63.20571306983106,5.416243558473254,11.669658571936095,1.821528053830853e-31,sp-missing
(Intercept),63.907188324403954,7.642721214418922,8.361836907492489,0,sp-all
(Intercept),65.81621520509786,4.748904540362321,13.859241567335522,0,sp-cc
(Intercept),64.07907065121755,1.3708180471567535,46.745132064846594,0,none-missing
(Intercept),63.90505909065992,1.271168758144088,50.27267912402252,0,none-all
(Intercept),67.13888501228487,2.0698359329867215,32.43681489063973,0,none-cc
IS_WOODY,-10.63035567731692,1.5717257907426778,-6.76349255062731,1.3470430319653636e-11,sp-missing
IS_WOODY,-10.505432087869604,1.5677114995411179,-6.701125871019401,2.068190063653219e-11,sp-all
IS_WOODY,-13.801171827420953,2.2680278798321543,-6.085097961160121,1.164200957859407e-9,sp-cc
IS_WOODY,-8.848824177783856,1.6717448172212999,-5.293166807893551,1.2021617137794963e-7,none-missing
IS_WOODY,-8.521502278673283,1.6317428876552413,-5.222331497898171,1.7668430785100497e-7,none-all
IS_WOODY,-11.88025546203946,2.382773964903178,-4.985892760718579,6.167634898357477e-7,none-cc
PALT_SOHARD,-0.12505715650916227,0.041744955939225815,-2.995742927390464,0.0027377713289295255,sp-missing
PALT_SOHARD,-0.08821862729167411,0.03557631298327995,-2.4797012364135327,0.013149250778921928,sp-all
PALT_SOHARD,-0.1338541527027906,0.050134931328584,-2.66987805020638,0.007587880007921433,sp-cc
PALT_SOHARD,-0.2384531922069133,0.04772524148981473,-4.996374764448341,5.841808244800151e-7,none-missing
PALT_SOHARD,-0.2455459408973145,0.037898675502285324,-6.479011143344781,9.232570263861817e-11,none-all
PALT_SOHARD,-0.2503031973838733,0.05249936184132006,-4.767737903946674,1.863059341244977e-6,none-cc
