AIC,BIC,type
5700.511655560185,5704.974685017106,none-all
5532.663767972235,5546.052856342997,sp-all
3119.6162945170445,3123.474227671528,none-cc
3048.080978061419,3059.6547775248696,sp-cc
