bias,MSPE,RMSPE,cor2,cover95,AIC,BIC,type
-0.017919906079680616,271.58523931501054,16.479843425075693,0.41998575382767417,0.9511434511434511,8212.030856483312,8226.637899835308,sp-missing
-0.01136308819271274,272.63773191464,16.511745271613176,0.4185829139326169,0.9417879417879418,8205.934545656615,8220.541589008611,sp-all
-0.0988567896682052,341.5706280464089,18.481629474870687,0.19063843106936676,0.9477911646586346,2136.589391854597,2147.1417505439913,sp-cc
-0.0016250427995855897,406.4932643578652,20.161678113635908,0.1341634554095732,0.9636174636174636,8511.223525307265,8516.09253975793,none-missing
-5.715944370686758e-4,408.56296642032964,20.212940568366832,0.12781682035620542,0.9521829521829522,8491.703787583345,8496.57280203401,none-all
-3.659852280453038e-4,390.84059706812604,19.769688846011867,0.07951006815217884,0.9518072289156626,2157.0814611924106,2160.5989140888755,none-cc
