Type,Subpopulation,Indicator,Category,nResp,Estimate.P,StdError.P,MarginofError.P,LCB95Pct.P,UCB95Pct.P,Estimate.U,StdError.U,MarginofError.U,LCB95Pct.U,UCB95Pct.U
NATIONAL,National,NTL_COND,Fair,117,15.577227254925887,3.2212747303692937,6.313582455832788,9.2636447990931,21.890809710758674,14906509.436992563,3313138.319891089,6493631.782786078,8412877.654206485,21400141.219778642
NATIONAL,National,NTL_COND,Good,323,20.202724631563946,2.6226990187529777,5.140395619044375,15.062329012519571,25.34312025060832,19332844.05786265,2267050.666764303,4443337.6579855485,14889506.399877101,23776181.7158482
NATIONAL,National,NTL_COND,NA,356,40.01311359547969,4.540303800034884,8.898831926938717,31.114281668540972,48.91194552241841,38290245.47522474,5828142.347883239,11422949.098623857,26867296.376600884,49713194.5738486
NATIONAL,National,NTL_COND,Poor,171,24.206934518030472,4.096076153141858,8.028161738091411,16.17877277993906,32.23509625612188,23164642.32872868,4567643.558330766,8952416.868544677,14212225.460184002,32117059.19727336
