Type,Subpopulation,Indicator,Category,nResp,Estimate.P,StdError.P,MarginofError.P,LCB95Pct.P,UCB95Pct.P,Estimate.U,StdError.U,MarginofError.U,LCB95Pct.U,UCB95Pct.U
NATIONAL,National,NTL_COND,Fair,117,25.967720928006138,4.126386458823733,8.087568845588287,17.88015208241785,34.055289773594424,14906509.436992563,2754769.144210973,5399248.308375732,9507261.128616832,20305757.745368294
NATIONAL,National,NTL_COND,Good,323,33.678568504668334,3.5074117313800315,6.874400672458135,26.804167832210197,40.55296917712647,19332844.05786265,1838435.044966606,3603266.4760508216,15729577.581811829,22936110.53391347
NATIONAL,National,NTL_COND,Poor,171,40.35371056732553,4.6049603723652135,9.025556480069973,31.328154087255555,49.3792670473955,23164642.32872868,3641392.360869823,7136997.880884131,16027644.447844548,30301640.20961281
