term,method,mbias,rmse,sterr,cover
pred,norm.boot_No,-0.020316007906933924,1.2497389677437618,1.4274850146498153,0.971
pred,norm.boot_Yes,-0.005660100238291645,1.0637271293505908,1.03619109699702,0.9355
pred,norm.predict_No,-0.006651044433046666,1.0783245786709994,0.1717050130076784,0.2455
pred,norm.predict_Yes,0.007264054629302547,1.1253233060525027,0.08088066424846833,0.115
x1B,norm.boot_No,-0.002845945110394529,0.41575092740783076,0.44805784360140266,0.971
x1B,norm.boot_Yes,3.268043748203713e-4,0.3995586636867311,0.3916887825370396,0.9515
x1B,norm.predict_No,-0.0038165660398791416,0.4518709485559225,0.1777540414293162,0.5775
x1B,norm.predict_Yes,0.005924630694632108,0.4740234842563997,0.09051568461318887,0.3115
x2,norm.boot_No,0.6941987149443375,0.7023527977631162,0.2183696290277551,0.032
x2,norm.boot_Yes,0.0035552611652207087,0.21745894805576627,0.2182885529061771,0.957
x2,norm.predict_No,0.0012209015774316053,0.25689926216887016,0.13021076214771424,0.6945
x2,norm.predict_Yes,-0.31283597095758026,0.40447776367747945,0.05409233752828359,0.1195
