model,variable,mbias,rmse,se,cover95
MAR/MCAR,marg_b_y[1],0.48318742425787714,0.5336111875746906,0.24667531794317774,0.501
MAR/MCAR,marg_b_y[2],-0.21919594269052195,0.3407305094851093,0.2761261749210816,0.8905
MAR/MCAR,marg_b_y[3],-0.20921171173341735,0.26511862569180533,0.16522687810131073,0.7525
MAR/MCAR,y_ho,0.37212350932390037,1.1176532816855094,0.9950088155689764,0.9115
heckman,marg_b_y[1],0.23036996825969286,0.35564450836492295,0.4810262644642466,0.9915
heckman,marg_b_y[2],-0.1361249182012263,0.2920984905312258,0.31673654932629586,0.9625
heckman,marg_b_y[3],-0.10472631456454579,0.20249083926714198,0.24411260995917952,0.9765
heckman,y_ho,0.16551983217577518,1.0517375566545208,1.1299521578425016,0.9595
pattern-mix-large-MNAR,marg_b_y[1],0.4833152278978244,0.5339292426683646,0.7882909282704127,1
pattern-mix-large-MNAR,marg_b_y[2],-0.21905664613609369,0.34077963159442415,0.5029999019749839,0.9815
pattern-mix-large-MNAR,marg_b_y[3],-0.20910068319329592,0.26502338607205106,0.43573733946537774,0.9905
pattern-mix-large-MNAR,y_ho,0.37121622813388194,1.117669890576053,1.6687654427717844,0.9955
pattern-mix-moderate-MNAR,marg_b_y[1],0.48317985132596664,0.5335041791664414,0.27504745637469963,0.553
pattern-mix-moderate-MNAR,marg_b_y[2],-0.21918781178719293,0.3407957841244314,0.32490731961886365,0.9295
pattern-mix-moderate-MNAR,marg_b_y[3],-0.2092157850939589,0.26508537267515914,0.23209490618265355,0.917
pattern-mix-moderate-MNAR,y_ho,0.37199349103379203,1.1172385436387964,1.1172418973825333,0.953
