model,variable,mbias,rmse,se,cover95
MAR/MCAR,marg_b_y[1],0.1067120525586283,0.25907100936733063,0.2568258436768192,0.948
MAR/MCAR,marg_b_y[2],-0.07204447313479173,0.27458402321647685,0.2884053652881247,0.9545
MAR/MCAR,marg_b_y[3],-0.05534634817014745,0.17882381771936057,0.1726227377686058,0.94
MAR/MCAR,y_ho,0.077517877286467,1.0271199507912765,1.0478463815476335,0.9545
heckman,marg_b_y[1],0.020068727094249297,0.26139460809533044,0.49603779154232863,0.998
heckman,marg_b_y[2],-0.04690571965631803,0.2590323095622931,0.3282943052068877,0.981
heckman,marg_b_y[3],-0.01985039294195383,0.17757524807267622,0.2522294206760297,0.995
heckman,y_ho,6.551747157987113e-4,1.0228221961198634,1.1736251281541652,0.975
pattern-mix-large-MNAR,marg_b_y[1],0.10672503310583599,0.2597989926967912,0.6217192160582609,1
pattern-mix-large-MNAR,marg_b_y[2],-0.07220785366318588,0.2750066858363013,0.5668769891883957,0.9965
pattern-mix-large-MNAR,marg_b_y[3],-0.055354722568562414,0.1788129894380886,0.5075037967878795,1
pattern-mix-large-MNAR,y_ho,0.07828111802489751,1.02683393084744,1.616405472871259,0.991
pattern-mix-moderate-MNAR,marg_b_y[1],0.1067498860603686,0.2590172491499349,0.272848703161243,0.9615
pattern-mix-moderate-MNAR,marg_b_y[2],-0.07212008878189664,0.2745993563659591,0.3499999984350738,0.98
pattern-mix-moderate-MNAR,marg_b_y[3],-0.05531638912011704,0.1788008779722625,0.258571189016742,0.9905
pattern-mix-moderate-MNAR,y_ho,0.07721518919467744,1.0264283707533046,1.1742519891476388,0.972
